Company Name,Company HQ,Sector,URL,Date,
Abellio Greater Anglia,UK,Transport,https://www.abelliogreateranglia.co.uk/f/212342/212342.pdf,24/8/16,
ABInBev UK Limited,UK,Agriculture/food/beverage,http://www.ab-inbev.co.uk/sitemap/slavery-human-trafficking-statement/,23/8/16,
Acal plc,UK,Manufacturing,http://www.acal.co.uk/acal/en/investors/corpgov/mod-slavery-statement,8/30/16,
Accord Group,UK,Services,https://accordgroup.org.uk/about/about-us/mission-and-values,17/8/16,
Adactus Housing Group,UK,Real estate,https://aha.adactushousing.co.uk/Information/834#chapterLink1,17/8/16,
Addo Food Group,UK,Agriculture/food/beverage,http://www.addofoodgroup.com/media/1178/slavery.pdf,17/8/16,
Adobe,USA,Technology,http://wwwimages.adobe.com/content/dam/acom/en/corporate-responsibility/pdfs/adobe-slavery-and-human-trafficking-policy-statement.pdf,17/8/16,
Affinity Sutton,UK,Real estate,http://www.affinitysutton.com/about-us/how-we-are-run/anti-slavery-and-human-trafficking-statement/,17/8/16,
AGS Airports Limited,UK,Transport,https://www.aberdeenairport.com/about-us/slavery-and-human-trafficking-statement/,17/8/16,
Aintree University Hospital,UK,Health,https://www.aintreehospital.nhs.uk/media/2151/modern-slavery-act-statement.pdf,8/25/16,
Aircelle Limited ,UK,Manufacturing ,http://www.safran-nacelles.com/file/download/aircelle_-_anti_slavery_statement_-_10-11-15.pdf.,17/8/16,
Aktrion Holdings ,UK,Professional services,http://aktrion.com/wp-content/uploads/2016/04/LG023_Modern_Slavery_Statement_Signed.pdf,17/8/16,
Albert Bartlett,UK,Agriculture/food/beverage,http://albertbartlett.co.uk/albert-bartlett-slavery-and-human-trafficking-company-statement,17/8/16,
Aldermore Group PLC,UK,Finance,http://www.aldermore.co.uk/media/3573/modern-slavery-act-2015-statement.pdf,17/8/16,
Alstom Transport Uk Limited,UK,Transport,http://www.alstom.com/Global/UK/Resources/Documents/2016%20Slavery%20and%20Human%20Trafficking%20Statement.pdf?epslanguage=en-GB,22/8/16,
Alternative Futures Group,UK,Services,http://alternativefuturesgroup.org.uk/alternative-futures-group-slavery-and-human-trafficking-statement/,17/8/16,
AMG Advanced Metallurgical Group N.V.,Netherlands,Chemical,http://s1.q4cdn.com/411066846/files/doc_downloads/2016/Modern-Slavery-Act-Statement.final.01.01.2016.pdf,17/8/16,
AmicusHorizon,UK,Real estate,http://www.amicushorizon.org.uk/AmicusHorizon/media/AMHMediaLibrary/Files/PDFs/Leaflets%20and%20Publications/Modern%20Slavery%20Statement/Modern-Slavery-Statement.pdf,17/8/16,
Ampersand,UK,Services,http://www.ampersandcatering.co.uk/policies/Modern%20Slavery%20Policy.pdf,17/8/16,
Anglian Water Services Ltd,UK,Utilities ,http://www.anglianwater.co.uk/_assets/media/modern_slavery_and_trafficking_statement_2016.pdf,17/8/16,
Angus Soft Fruits,UK,Agriculture/food/beverage,http://www.angussoftfruits.co.uk/about-us/modern-slavery-statement-financial-year-201516/,8/25/16,
Annodata,UK,Professional services,http://www.annodata.co.uk/wp-content/uploads/2016/03/ModernSlaveryActPolicy2015_v3.docx.pdf,17/8/16,
AQA,UK,Services,http://www.aqa.org.uk/about-us/who-we-are/our-standards/modern-slavery-statement,8/26/16,
Aramex,UAE,Transport,https://www.aramex.com/content/uploads/100/55/50528/Modern%20Slavery%20Act.pdf,17/8/16,
Arcus,UK,Services,http://www.arcus.holdings/about-us/modern-slavery-and-human-trafficking-statement,17/8/16,
Arqiva Group,UK,Technology,https://www.arqiva.com/documentation/corporate/Arqiva+Modern+Slavery+Act+Statement.pdf,17/8/16,
Arvato UK,UK,Services,https://www.arvato.com/content/dam/arvato/documents/leagal/140417_arvato_UK_Statement_on_Slavery_and_Human_Trafficking_V1c%20U.PDF,17/8/16,
ASCO Group Limited,UK,Services,http://www.ascoworld.com/sites/default/files/documents/slavery_and_human_trafficking_statement_rev_1_-_19.07.16_002.pdf,17/8/16,
Ashford and St Peter’s Hospital,UK,Health,https://www.ashfordstpeters.info/images/other/SlaveryApr2016.pdf,17/8/16,
Associated British Foods,UK,Agriculture/food/beverage,https://business-humanrights.org/sites/default/files/documents/ABF_Slavery%20and%20Human%20Trafficking%20statement_DRAFT-%2012.07.16.pdf,17/8/16,
Astute Technical Recruitment Limited,UK,Professional services,https://www.astutetechnical.co.uk/policies/modern-slavery-act?,17/8/16,
Attenda,UK,Technology,http://www.attenda.com/legal/anti-slavery-human-trafficking-statement/,8/26/16,
Aurionpro Solutions,India,Services,http://www.aurionpro.com/wp-content/uploads/2016/04/ANTISLAVERY-AND-TRAFFICKING-POLICY-UK-2016final.pdf,17/8/16,
Axalta UK ,USA,Chemical,http://www.axaltacs.com/corporate/en_US/about-axalta/the-modern-slavery-act-disclosure-statement.print.pdf,17/8/16,
B&M,UK,Consumer products/retail,http://www.bandmretail.com/corporate-responsibility/anti-slavery-policy.aspx,17/8/16,
Babcock International Group PLC,UK,Professional services,https://www.babcockinternational.com/About/Sustainability/Babcock-approach-to-Ethical-compliance,17/8/16,
Ballyvesey Holdings,UK,Services,http://www.intercounty.org.uk/pages/legal/modern-slavery-human-trafficking-statement,17/8/16,
Bank of Baroda,India,Finance,http://www.bankofbarodauk.com/assets/pdf/AnnualPolicyStatementBankOfBarodaAntiSlaveryAndHumanTraffickingstatement31March2016.pdf,17/8/16,
Banner Plant (part of Henry Boot PLC),UK,Services,http://www.bannerplant.co.uk/news/22/the-modern-slavery-act-2015-group-statement,17/8/16,
Barker Ross Group,UK,Services,http://www.barkerross.co.uk/modern-slavery-act-2015/,17/8/16,
Base Performance Simulators,UK,Services,http://baseperformance.net/modern-slavery-and-human-trafficking-statement.php ,17/8/16,
Beachbody,USA,Consumer products/retail,https://www.beachbody.co.uk/product/about/uk-modern-slavery-act-disclosure-2015.do,17/8/16,
Beale and Co,UK,Professional services,http://www.beale-law.com/slavery.php,17/8/16,
Beeswift ,UK,Consumer products/retail,http://www.beeswift.co.uk/web/uk/page?page=HumanTrafficingandSlaveryPolicy,17/8/16,
Bell Truck and Van,UK,Transport,http://www.belltruckandvan.co.uk/pages/legal/statement,17/8/16,
Berkeley Group Holdings plc,UK,Real estate,http://www.berkeleygroup.co.uk/modern-slavery-statement,8/30/16,
Berry Gardens,UK,Agriculture/food/beverage,http://berrygardens.co.uk/about-us-modern-slavery-act-statement/,17/8/16,
Bevan Brittan,UK,Professional services,https://www.bevanbrittan.com/modern-slavery-statement/,17/8/16,
BFS Group Ltd,UK,Consumer products/retail,http://www.bidvest.co.uk/sites/bidvest.co.uk/files/Modern%20slavery%20July%202016.pdf,17/8/16,
Bidwells,UK,Professional services,http://www.bidwells.co.uk/company/statements/,17/8/16,
Big Yellow Self Storage,UK,Services,http://corporate.bigyellow.co.uk/investors/governance/slavery-and-human-trafficking-statement.aspx,8/25/16,
Birmingham Airport,UK,Transport,https://www.birminghamairport.co.uk/media/2508/slavery-statement.pdf,17/8/16,
Blackwell’s,UK,Consumer products/retail,http://bookshop.blackwell.co.uk/jsp/editorial/SlaveryStatement.jsp;jsessionid=07A9C627C409ACE5BE69D83D0DE1574F.b6a2,17/8/16,
Boston Consulting Group UK LLP,USA,Professional services,http://image-src.bcg.com/BCG_COM/Modern%20Slavery%20Act%20-%20June%202016_tcm21-39866.pdf,17/8/16,
Bracknell Forest Homes,UK,Real estate,https://www.bracknellforesthomes.org.uk/anti-slavery,17/8/16,
Brainlab UK,Germany,Professional services,https://www.brainlab.com/wp-content/uploads/2016/06/Brainlab-Slavery-and-Human-Trafficking-Statement.pdf,17/8/16,
Brandon Trust,UK,Services,https://www.brandontrust.org/media/226662/modern-slavery-human-trafficking-statement.pdf,17/8/16,
BRE Group,UK,Professional services,https://www.bre.co.uk/filelibrary/pdf/corporate/XA11-Modern-Slavery-Act-statement.pdf,8/26/16,
Bridge of Weir Leather Company,UK,Apparel & textile ,http://www.bowleather.com/Heritage/Governance.aspx,17/8/16,
Bright Blue Food Ltd,UK,Consumer products/retail,http://www.brightbluefoods.com/BBF_Anti_Slavery.pdf,17/8/16,
British Hospitality Association,UK,Travel,http://www.bha.org.uk/wordpress/wp-content/uploads/2015/08/Modern-Slavery-Act-Summary.pdf,17/8/16,
Broadacres Housing Association ,UK,Real estate,http://www.broadacres.org.uk/SiteFiles/Content/MediaLibrary/Images/Footer/Slavery-Statement-v2.pdf,17/8/16,
Brook Street,UK,Services,https://www.brookstreet.co.uk/modern-slavery-and-human-trafficking-statement/000106.html,17/8/16,
Brymor,UK,Construction & building materials ,http://www.brymor.co.uk/wordpress/wp-content/uploads/2016/08/Modern_slavery_and_human_trafficking_statement.pdf,17/8/16,
BT Group,UK,Technology,https://www.btplc.com/Thegroup/Ourcompany/Ourvalues/ModernSlaveryAct/ModernSlaverystatement.pdf,17/8/16,
Buckingham Group Contracting,UK,Services,http://www.buckinghamgroup.co.uk/images/anti_slavery_and_human_trafficking_policy_statement_2016.pdf,17/8/16,
Burrows Motor Company,UK,Transport,http://www.burrowsmotorcompany.co.uk/terms-conditions/,17/8/16,
Bytes Technology Group,S. Africa,Professional services,http://www.bytes.co.uk/files/7514/4438/5778/Modern_Slavery_Act_Statement_-_2015.pdf,17/8/16,
Bywaters,UK,Utilities,http://www.bywaters.co.uk/documents/2016/modern_slavery_and_human_trafficking_statement_by_bywaters.pdf,17/8/16,
C.HAFNER,Germany,Metals/plastics/basic metals,http://www.c-hafner.de/fileadmin/statement_modern_slavery_act_2015_part6_2015-07-29.pdf,17/8/16,
Cambridge Weight Plan,UK,Agriculture/food/beverage,http://www.cambridgeweightplan.com/about-us/slavery,23/8/16,
Camelot Group,UK,Leisure,http://www.camelotgroup.co.uk/modern-slavery-act,17/8/16,
Camira Fabrics,UK,Apparel & textile ,https://www.camirafabrics.com/help/modern-slavery-statement,17/8/16,
Campbell Soup,USA,Agriculture/food/beverage,http://phx.corporate-ir.net/External.File?item=UGFyZW50SUQ9MjA1MDY3fENoaWxkSUQ9LTF8VHlwZT0z&t=1.,17/8/16,
Cantel Medical Corp,USA,Health,http://www.cantelmedical.com/library/Cantel-Medical-Corp-Policy-Statement-Related-to-Slavery-and-Human-Trafficking-FINAL-EV-1-29-2016.pdf,17/8/16,
Capsticks Solicitors LLP,UK,Professional services,http://www.capsticks.com/about-us/modern-slavery-and-human-trafficking-statement/,22/8/16,
Care UK ,UK,Health,http://www.careukgroup.com/sites/group/files/wysiwyg/Anti-Slavery%20and%20Human%20Trafficking%20annual%20statement.pdf,17/8/16,
Cargill,USA,Agriculture/food/beverage,http://www.cargill.co.uk/en/slavery-human-trafficking/index.jsp,17/8/16,
Caring Homes Group,UK,Services,http://www.caringhomes.org/wp-content/uploads/2016/07/Anti-slavery-statement-July-2016.pdf,17/8/16,
Carter Jonas ,UK,Professional services,http://www.carterjonas.co.uk/~/media/Files/The%20Modern%20Slavery%20Act.ashx,17/8/16,
Castell Howell Foods Limited,UK,Agriculture/food/beverage,http://www.castellhowellfoods.co.uk/wp-content/uploads/2016/08/Transparency-Statement-1.pdf,9/2/16,
Catalent,USA,Health,http://www.catalent.com/index.php/Other/Modern-Slavery-Statement,17/8/16,
CDC Group,UK,Professional services,http://www.cdcgroup.com/Documents/CDC%20Modern%20Slavery%20Act%20Statement%20-%20May%202016.pdf ,17/8/16,
CDK Global,USA,Technology,http://www.cdk-global.com/pdf/CDK_GLOBAL_Modern_Slavery_Statement_July_2016.pdf,17/8/16,
CEMEX,Mexico,Construction & building materials ,http://www.cemex.co.uk/modern-slavery-act.aspx,17/8/16,
Centregreat Group,UK,Construction,http://www.centregreat.co.uk/Modern%20Slavery%20Statement.pdf,17/8/16,
CH & Co Catering Group ,UK,Services,http://www.chandco.net/policies/Modern%20Slavery%20Statement.pdf,17/8/16,
Charles Wilson Engineers Ltd.,UK,Construction & building materials ,http://www.cwplant.co.uk/wp-content/uploads/2012/11/Anti-Slavery-Human-Trafficking-Statement.pdf,17/8/16,
Christie (The),UK,Health,http://www.christie.nhs.uk/media/4045/statement-modern-slavery-may-2016.pdf,17/8/16,
Circle Housing Group,UK,Real estate,http://www.circle.org.uk/Your_home/circle-housing-policies/Anti-Slavery_and_Human_Trafficking_Transparency_Statement,17/8/16,
CIS Security Limited ,UK,Services,http://cis-security.co.uk/media/Modern-Slavery-and-Human-Trafficking-Statement-2015-16.pdf,17/8/16,
City and County Healthcare Group,UK,Health,http://www.comfortcall.co.uk/modern-slavery,17/8/16,
Clarke Energy,UK,Professional services,https://www.clarke-energy.com/anti-slavery-policy/,17/8/16,
Clarke Willmott LLP,UK,Professional services,https://www.clarkewillmott.com/statement-human-trafficking-slavery/,17/8/16,
Clearwater Group Ltd,UK,Professional services,http://www.clearwater.eu.com/about/clearwater-policy-statement-modern-slavery-act-2015,17/8/16,
Cloudreach,UK,Technology,https://www.cloudreach.com/gb-en/modern-slavery-statement/ ,17/8/16,
Cluttons,UK,Real estate,http://www.cluttons.com/sites/default/files/Cluttons%20LLP%20Slavery%20and%20Human%20Trafficking%20Statement%20Nov%202015.pdf,17/8/16,
CMC Markets Group,UK,Professional services,http://www.cmcmarkets.com/group/assets/pdf/CMC_Group_Anti_Slavery_Policy.pdf,17/8/16,
Cohort plc,UK,Services,https://www.mass.co.uk/documents/Modern%20Slavery%20Statement.pdf,17/8/16,
Colas Rail,UK,Construction & building materials ,https://www.colasrail.co.uk/media/pdf/Signed%20Modern%20Slavery%20Act%20Policy%20Statement.pdf,17/8/16,
Cook,UK,Agriculture/food/beverage,http://www.cookfood.net/downloads/COOK_Slavery_Act.pdf,17/8/16,
CORMAC,UK,Services,http://www.cormacltd.co.uk/media/21383504/slavery-and-human-trafficking-statement-final-sd-signed-copy-24082016.pdf,8/30/16,
Cornerstone,UK,Construction & building materials ,http://www.cornerstonelimited.co.uk/policies/cornerstone_humantraffickingandslaverypolicy.pdf,17/8/16,
Country Style,UK,Agriculture/food/beverage,http://www.countrystyle.co.uk/CSF-policy.pdf,17/8/16,
Country Style Recycling,UK,Utilities,http://www.countrystylerecycling.co.uk/wp-content/uploads/2014/10/Modern-Slavery-Human-Trafficking-Statement-2016.pdf,17/8/16,
CPL Industries,UK,Consumer products/retail,https://www.coals2u.co.uk/files/images/Modern_Slavery_Act_Statement.pdf,17/8/16,
Cranswick PLC,UK,Agriculture/food/beverage,https://cranswick.plc.uk/sites/default/files/Anti-slavery%20and%20human%20trafficking%20statement.pdf,17/8/16,
Cressall,UK,Manufacturing ,http://www.cressall.com/wp-content/uploads/2016/07/Modern-Slavery-Human-Trafficking-Policy.pdf?fc7857,17/8/16,
Crest Plus,UK,Professional services,http://www.crestplus.com/modern-slavery-statement.pdf,22/8/16,
Creston plc,UK,Professional services,http://www.creston.com/modern-slavery-act-statement,17/8/16,
Critical Project Resourcing (CPR),UK,Services,http://www.cpresourcing.co.uk/cm/about-us/policies/modern-slavery-statement,17/8/16,
Crown Agents,UK,Services,http://www.crownagents.com/about-us/ethics-and-compliance,17/8/16,
Crown Estate,UK,Real estate,http://www.thecrownestate.co.uk/media/761946/the-crown-estate-slavery-and-human-trafficking-statement.pdf,17/8/16,
Crown Oil ,UK,Consumer products/retail,https://www.crownoil.co.uk/slavery-and-human-trafficking-statement/,17/8/16,
CSL Behring UK Limited,Australia,Health,http://www.cslbehring.co.uk/s1/cs/beuk/1252902133141/content/1252902133103/content.htm,17/8/16,
Currie & Brown,UK,Professional services,http://www.curriebrown.com/images%5Cprojects%5Cnews%5CAnti_slavery_statement.pdf,17/8/16,
D2L,Canada,Technology,https://www.d2l.com/en-eu/legal/statement-on-modern-slavery-human-trafficking/,17/8/16,
DAC Beachcroft Claims Ltd (subsidiary of DAC Beachcroft LLP),UK,Professional services,http://www.dacbeachcroft.com/pages/slavery_and_human_trafficking_statement_claims_ltd,17/8/16,
DAC Beachcroft LLP ,UK,Professional services,http://www.dacbeachcroft.com/pages/slavery_and_human_trafficking_llp,17/8/16,
Daniel Owen,UK,Professional services,https://www.danielowen.co.uk/our-clients/anti-slavery-statement,17/8/16,
Danwood Group Ltd,UK,Services,https://www.danwood.com/modern-slavery-act/,17/8/16,
David Brown,UK,Manufacturing,http://www.davidbrown.com/mediafile/id/2202.pdf,8/26/16,
"David's Bridal UK Limited (part of David's Bridal, Inc. (USA))",UK,Consumer products/retail,http://www.davidsbridal.co.uk/webapp/wcs/stores/servlet/Content_Legal_statementmodernslavery?catalogId=15001&langId=-1,8/25/16,
Dawnfresh Seafoods,UK,Agriculture/food/beverage,http://www.dawnfresh.co.uk/modern-slavery-statement ,17/8/16,
DCC plc,Ireland,Professional services,http://www.dcc.ie/~/media/Files/D/DCC-Corp/pdfs/modern-slavery-act-statement-signed-14-july-2016.pdf,8/26/16,
DCC Vital,Ireland,Health,http://www.dccvital.com/policy/modern-slavery-act-policy/,18/8/16,
DDC plc,Ireland,Professional services,http://www.dcc.ie/~/media/Files/D/DCC-Corp/pdfs/modern-slavery-act-statement.pdf,18/8/16,
De Poel,UK,Services,https://www.depoel.co.uk/wp-content/uploads/2016/03/Modern-Slavery-Act.pdf,18/8/16,
Delta Group,UK,Professional services,http://thedeltagroup.co.uk/slavery-statement/,18/8/16,
Diebold Inc.,USA,Professional services,http://media.corporate-ir.net/media_files/IROL/10/106584/CodeOfBusiness/CA%20and%20UK%20Disclosure%201.15.2016.pdf,18/8/16,
Dixons Carphone plc,UK,Consumer products/retail,http://www.dixonscarphone.com/statement-modern-slavery,8/26/16,
Dodson & Horrell,UK,Consumer products/retail,http://www.dodsonandhorrell.com/slavery-and-human-trafficking-statement,18/8/16,
Dongguan City Liang Tai Industries Co. Ltd,China,Technology,http://liangtaicable.com/images/lt.pdf,18/8/16,
Doosan Babcock ,UK,Professional services,http://www.doosanbabcock.com/common/pdf/ModernSlavery-HoldingStatement-2015-12-02-final.pdf,18/8/16,
DriveForce,UK,Services,http://driveforce.co.uk/PDF/DriveForce%20Section%2054%20Statement%20100816.pdf,8/30/16,
Dunbia,UK,Agriculture/food/beverage,http://www.dunbia.com/getattachment/Discover-Dunbia/Corporate-Compliance/Dunbia-Modern-Slavery-Act-Supply-Chain-Statement.pdf.aspx,18/8/16,
DWF LLP,UK,Professional services,https://www.dwf.law/slavery-human-trafficking-statement/,18/8/16,
Dŵr Cymru Welsh Water,UK,Utilities,http://www.dwrcymru.com/en/Reading_Room_Library/Company-Statements.aspx,18/8/16,
E P Barrus,UK,Professional services,http://www.barrus.co.uk/media/2490/modern-slavery-and-human-trafficking-statement.pdf,18/8/16,
Eakin Group,UK,Health,http://www.respond.co.uk/wp-content/uploads/2016/02/Eakin-Investments-Limited.-Group-Statement-of-Compliance-with-the-Modern-Slavery-Act-2015.pdf,18/8/16,
East Lindsey District Council,UK,Services,http://www.e-lindsey.gov.uk/CHttpHandler.ashx?id=5004&p=0,18/8/16,
Eastman Chemical Company,USA,Chemical,http://www.eastman.com/Company/investors/Corporate_Governance/Documents/EMN_Stmt_on_Slavery_and_Human_Trafficking.pdf,8/26/16,
Economist Group,UK,Media/publishing ,http://www.economistgroup.com/pdfs/Modern_Slavery_statement.pdf,18/8/16,
EDM Group,UK,Professional services,http://edmgroup.com/wp-content/uploads/2016/07/Modern-Slavery-Act-Policy-Statement-V1-.pdf,8/26/16,
Education Development Trust,UK,Services,https://www.educationdevelopmenttrust.com/~/media/EDT/files/governance/anti-slavery-statement-signed-%202016.pdf,18/8/16,
EE,UK,Technology,http://ee.co.uk/content/dam/everything-everywhere/documents/Our%20Company%20responsibility/EE%20Statement%20-%20Modern%20Slavery%20Act.pdf,18/8/16,
ege,Denmark,Furnishings ,http://www.egecarpets.com/csr/working-conditions,22/8/16,
Electricity North West,UK,Utilities,http://www.enwl.co.uk/about-us/modern-slavery-act-compliance-statement,18/8/16,
Electrocomponents plc,UK,Technology,http://www.electrocomponents.com/our-offer/supply-chain/slavery-and-human-trafficking-statement,18/8/16,
EMC,USA,Technology,http://uk.emc.com/corporate/sustainability/supply-chain/slavery-and-human-trafficking.htm,18/8/16,
EMCOR UK ,UK,Professional services,http://www.emcoruk.com/who-we-are/modern-slavery-act-2015 ,18/8/16,
Emo DCC Energy Ltd,UK,Utilities,https://www.emooil.com/assets/sites/4/Oil-Ireland-Modern-Slavery-Statement.pdf,18/8/16,
Encore Personnel Services,UK,Services,https://www.encorepersonnel.co.uk/docs/slavery-and-human-trafficking-statement.pdf,18/8/16,
"Energizer Holdings, Inc",USA,Consumer products/retail,http://www.energizerholdings.com/en/company/supplier-relations/Documents/California_Transparency_in_Supply_Chains_Act.pdf,18/8/16,
Equine and Livestock Insurance Company,UK,Finance,https://www.eandl.co.uk/images/slavery-act-statement.pdf,18/8/16,
ESM Power,UK,Technology,http://www.lmgiq.com/wp-content/uploads/2016/04/LM441-Slavery-and-Human-Trafficking-Statement.pdf,18/8/16,
Esri UK ,UK,Technology,http://www.esriuk.com/~/media/B619A1ED25144BC2A258535CD115CB0D,18/8/16,
Essar Oil (UK),UK,Natural resources,https://www.essaroil.co.uk/media/1178/anti-slavery-and-human-trafficking-policy.pdf,18/8/16,
euNetworks,UK,Technology,http://www.eunetworks.com/modern-slavery-act-statement/,18/8/16,
European Oat Millers,UK,Agriculture/food/beverage,http://www.oatmillers.com/wp-content/uploads/2016/04/Modern-Slavery-Act-Policy.pdf,18/8/16,
EvoBus (UK) Ltd,UK,Transport,https://www.evobus.com/en/en-gb/menus/footer/modern-slavery-act/,8/30/16,
Exertis (UK) Ltd ,UK,Technology,https://www.exertissupplies.co.uk/files/Modern%20Slavery%20Statement%20Exertis%20UK%20(30June2016).pdf,18/8/16,
Exertis Supply Chain Services Ltd (part of DCC Group),Ireland,Consumer products/retail,http://www.exertissupplychain.com/wp-content/uploads/2016/07/2016-07-25-Modern-Slavery-Statement-NJ.pdf,18/8/16,
Export -Import Bank of India,India,Finance,http://www.eximbankindia.in/sites/default/files/antislavery.pdf,18/8/16,
Farrow & Ball,UK,Furnishings ,http://www.farrow-ball.com/modern-slavery-act-statement/content/fcp-content,18/8/16,
FatFace,UK,Consumer products/retail,http://www.fatfacecorporate.com/~/media/Files/F/Fatface/reports-and-presentation/reports/modern-slavery-statement-2016.pdf,8/30/16,
FibreFab,UK,Technology,http://www.fibrefab.com/wp-content/uploads/downloads/2016/06/FibreFab-Modern-Slavery-Statement-May-2016.pdf,18/8/16,
Finlays ,UK,Agriculture/food/beverage,http://www.finlays.net/tea-estates/statement-on-slavery-and-human-trafficking,18/8/16,
Flexforce,UK,Professional services,http://www.flexforce.me/slavery-statement/,18/8/16,
Flextronics International,USA,Technology,https://www.flextronics.com/sites/default/files/component_b2/Slavery%20and%20Human%20Trafficking%20Statement%202016_0.pdf,18/8/16,
Ford UK,USA,Transport,http://www.ford.co.uk/experience-ford/SlaveryStatement,18/8/16,
Forrest,UK,Construction & building materials ,http://forrest.co.uk/modern-slavery-act-2015/,18/8/16,
Fortis Living,UK,Real estate,https://www.fortisliving.com/legal-information---fortis-living,8/25/16,
FP McCann,Northern Ireland,Construction & building materials ,http://fpmccann.co.uk/sites/default/files/Company%20Policy%20Statements/CPS%20026%20-%20Slavery%20&%20Human%20Trafficking%20Policy%20Statement.pdf,18/8/16,
Freeths LLP,UK,Professional services,http://www.freeths.co.uk/content/pages/documents/Modern%20Slavery%20Act%202015%20-%20Oct%2015%20.pdf,18/8/16,
Freight Transport Association,UK,Shipping & handling,http://www.fta.co.uk/about/anti-slavery-and-human-trafficking-policy.html,19/8/16,
Fuel Card Services,UK,Services,http://www.fuelcardservices.com/docs/ModernSlavery.pdf,8/25/16,
Fujitsu Ltd,Japan,Technology,http://www.fujitsu.com/uk/about/local/corporate-responsibility/modern-slavery-statement/,19/8/16,
FW Thorpe Plc.,UK,Consumer products/retail,http://www.fwthorpe.co.uk/pdf/fwthorpe-slavery-and-human-trafficking-statement.pdf,19/8/16,
G&I Diamond Drilling Limited,UK,Professional services,http://www.gi-diamond-drilling.co.uk/wp-content/uploads/2013/05/Modern-Slavery-and-Human-Trafficking-Statement-August-2016.pdf,8/26/16,
Gamesys ,UK,Leisure,http://www.gamesyscorporate.com/policies/anti-slavery-policy/,19/8/16,
Gatwick Airport,UK,Transport,http://www.gatwickairport.com/business-community/airlines-business/business/modern-slavery-act/,19/8/16,
General Mills,USA,Agriculture/food/beverage,https://www.generalmills.com/~/link.aspx?_id=213D6381611C416DB3F8176DD7ED00E1&_z=z,19/8/16,
Gentoo Group Limited,UK,Real estate,https://www.gentoogroup.com/about-us/legal/slavery-and-human-trafficking-statement/,9/2/16,
Getinge Group,Sweden,Health,http://www.getingegroup.com/en/modern-slavery-act-transparency-statement/ ,19/8/16,
Getinge Group (on behalf of Maquet Ltd) ,Sweden,Health,http://www.maquet.com/uk/legal/modern-slavery-act-transparency-statement/,22/8/16,
Gleadell & Dunns,UK,Agriculture/food/beverage,http://www.gleadell.co.uk/uploads/Slavery-and-Human-Trafficking-Statement.pdf,19/8/16,
Global Invacom,Singapore,Technology,http://www.globalinvacom.com/modern-slavery-act,19/8/16,
Globus Group (includes Riley Eyewear and HAIKA Gloves),UK,Consumer products/retail,http://www.riley-eyewear.com/assets/files/Globus%20Group_Slavey%20and%20Human%20Trafficking%20Statement-201609.pdf,17/8/16,
Go Ahead Group,UK,Transport,http://www.buscms.com/BlueStar2015/uploadedfiles/pdfs/Other_pdfs/Modern_Slavery_Statement.pdf,19/8/16,
Go South Coast,UK,Transport,http://www.buscms.com/BlueStar2015/uploadedfiles/pdfs/Other_pdfs/Modern_Slavery_Statement.pdf,19/8/16,
Go Traffic Management (GTM) Ltd,UK,Professional services,http://www.gtm.co.uk/files/8314/6591/8121/PO007_-__Modern_Slavery_Statement_16-17_-_Issue_04.pdf,24/8/16,
Gomez,UK,Agriculture/food/beverage,http://www.agomez.co.uk/documents/modslav28016.pdf,19/8/16,
Goodwood,UK,Leisure,https://www.goodwood.com/globalassets/goodwood-estate/terms--conditions/modern-slavery-act-statement.pdf,19/8/16,
Gould Intl.UK,UK,Natural resources,http://www.gouldpublicationpapers.co.uk/pdf/0426_001.pdf,19/8/16,
Graham,UK,Construction & building materials ,https://www.graham.co.uk/modern-slavery-act-transparency-statement,19/8/16,
Great Places Housing Group,UK,Real estate,http://www.greatplaces.org.uk/About%20Us/Living%20giving%20growing%20together/Pages/Human-rights-policy-statement.aspx,19/8/16,
Greater  Manchester  West  Mental  Health  NHS  Foundation  Trust,UK,Health,https://www.gmw.nhs.uk/declarations,8/26/16,
Green Investment Bank,UK,Finance,http://www.greeninvestmentbank.com/modern-slavery-statement/,19/8/16,
Greencell,UK,Consumer products/retail,http://www.greencell.com/news.php?nid=39,19/8/16,
GSMA,UK,Technology,http://www.gsma.com/aboutus/wp-content/uploads/2016/07/GSMA_Statement_Modern_Slavery_Act_2015_May_16.pdf,19/8/16,
G-Staff Ltd,UK,Services,http://g-staff.co.uk/page3.html,8/30/16,
H I Weldrick,UK,Health,https://www.weldricks.co.uk/modern-slavery-act-transparency-statement,19/8/16,
Halfords,UK,Transport,http://www.halfordscompany.com/investors/governance/the-halfords-anti-slavery-and-human-trafficking-statement,19/8/16,
Hammonds Furniture Ltd,UK,Furnishings,https://www.hammonds-uk.com/modern-slavery-act,8/30/16,
Hanover,UK,Housing,http://www.hanover.org.uk/slavery-and-human-trafficking-statement/,19/8/16,
Hanson UK,UK,Construction & building materials ,http://www.hanson.co.uk/en/modern-slavery-statement,19/8/16,
Hapimag AG ,Switzerland,Travel,http://www.hapimag.com/en/about-us.html,19/8/16,
Hardware Group,UK,Technology,http://images.go.hardware.com/Web/HardwarecomGroupLtd/%7B73bc383f-90c9-4227-93a9-71882a94a56e%7D_HWGAntiSlaveryStatement.pdf,19/8/16,
Hasbro Inc.,USA,Consumer products/retail,http://www.hasbro.com/common/assets/image/Printables/dad261421c4311ddbd0b0800200c9a66/974A335750569047F5F6A4E3835BF41D/974B75E950569047F583096CABF3595D.pdf,8/26/16,
Haymarket Media Group,UK,Media,https://drive.google.com/file/d/0ByZVBb5gIL9GX05Cby1tNGdqM1E/view?pref=2&pli=1,19/8/16,
HCA Healthcare UK,UK,Health,https://hcafixedprice.co.uk/legal/slavery-and-human-trafficking-statement,19/8/16,
Headlam Group plc,UK,Consumer products/retail,http://www.headlam.com/responsibility/modern-slavery-act,19/8/16,
Healthcare 21,UK,Health,http://www.healthcare21.eu/statement-slavery-human-trafficking/,19/8/16,
Heart of England NHS Foundation Trust,UK,Health,http://www.heartofengland.nhs.uk/modern-slavery-statement-2015-16/,19/8/16,
Heineken UK Limited,UK,Beverage,https://www.heineken.co.uk/uploads/legal-notices/Slavery%20and%20Human%20Trafficking%20Statement%20-%20Financial%20Year%20Ending%202016.pdf,19/8/16,
Henry Boot ,UK,Real estate,http://www.henrybootdevelopments.co.uk/new-joint-venture-partnership-undertake-knowsley-mixed-use-development/,19/8/16,
Hewden,UK,Construction & building materials ,https://www.hewden.co.uk/media/699968/Modern-Slavery-Company-Statement.pdf,19/8/16,
Hexstone,UK,Consumer products/retail,http://www.hexstone.co.uk/slavery_and_human_trafficking_policy-2.pdf,19/8/16,
hft,UK,Services,http://hft.org.uk/Documents/pdf/Modern%20Slavery%20Statement%202015%20Final.pdf,19/8/16,
HICL Infrastructure Company Limited,UK,Finance,https://hicl.com/sites/default/files/Modern_Slavery_Act_Transparency_Statement.pdf,19/8/16,
Hillarys,UK,Consumer products/retail,http://www.hillarys.co.uk/anti-slavery/,22/8/16,
Hills Group,UK,Construction & building materials ,http://www.hills-group.co.uk/wp-content/uploads/2016/07/Press-Release-July-2016.pdf,19/8/16,
Hilton Worldwide,USA,Travel,http://ir.hiltonworldwide.com/~/media/Files/H/Hilton-Worldwide-IR-V2/committee-composition/human-rights-policy-statement-june-2016.pdf,19/8/16,
Hire Station (part of Vp plc),UK,Construction & building materials ,https://www.hirestation.co.uk/faqs-frequently-asked-questions/modern-slavery-act/,22/8/16,
Hitachi Capital (UK) PLC,UK,Professional services,http://www.hitachicapital.co.uk/media/1395/modern-slavery-act-anti-slavery-human-trafficking-statement-signed-by-rg-aug-16.pdf,19/8/16,
Hitachi Construction Machinery (UK),UK,Construction & building materials ,http://www.hitachicm.co.uk/t/slaveryandhumantrafficking,19/8/16,
Hitachi Euope Limited,UK,Conglomerates ,http://www.hitachi.co.uk/downloads/Modern_Slavery_Act_Transparency_Statement.pdf,19/8/16,
Hoare Lea,UK,Professional services,http://www.hoarelea.com/downloads/Signed%20Human%20Trafficking%20Statement%202016-2017.pdf,19/8/16,
Home Group,UK,Real estate,https://www.homegroup.org.uk/About-Us/Openness-and-transparency/Governance,8/25/16,
HoMedics Group Ltd,UK,Consumer products/retail,http://www.salterhousewares.co.uk/media/wysiwyg/Our%20structure.pdf,19/8/16,
Homes and Communities Agency,UK,Services,https://www.gov.uk/government/uploads/system/uploads/attachment_data/file/514776/Modern_Slavery_Act_2015_Policy_and_Statement_FY2015-16__published_.pdf,19/8/16,
Homes for Haringey,UK,Real estate,http://www.homesforharingey.org/modern_slavery_statement_2015_to_2016.pdf,19/8/16,
HomeServe plc,UK,Services,http://www.homeserveplc.com/~/media/Files/H/Homeserve-PLC/documents/content/homeserves-anti-slavery-statement-v1.pdf,19/8/16,
Hudson,UK,Services,http://uk.hudson.com/modern-slavery-act-2015,19/8/16,
Hughes and Salvidge holdings,UK,Services,http://www.hughesandsalvidge.co.uk/assets/Modern_Slavery_Statement2016-576bc0574df7f.pdf,19/8/16,
Huntapac,UK,Agriculture/food/beverage,http://www.huntapac.co.uk/wp-content/uploads/2015/09/Statement.pdf,20/8/16,
Hymans Robertson,UK,Professional services,https://www.hymans.co.uk/information/modern-slavery-statement/,20/8/16,
ICAEW,UK,Professional services,http://www.icaew.com/en/icaew-policies/modern-slavery-and-human-trafficking-policy,20/8/16,
ICG plc.,UK,Professional services,http://www.icgam.com/SiteCollectionDocuments/MSA%20Statement.pdf,20/8/16,
Ideal Industries Inc,USA,Manufacturing ,https://www.idealind.com/content/pdfs/policies/slavery-and-human-trafficking-statement-modern-slavery-act-of-2015.pdf,20/8/16,
IEWC,USA,Manufacturing ,http://www.iewc.de/modern-slavery-act-of-2015,21/8/16,
Ikano Bank,UK,Finance,https://ikano.co.uk/auxiliary-pages/legal/modern-slavery-act,21/8/16,
IKO,UK,Services,http://www.ikogroup.co.uk/SiteFiles/Content/MediaLibrary/Documents/Modern-Slavery-Statement.pdf,8/25/16,
Imperial Brands plc,UK,Consumer products/retail,http://www.imperialbrandsplc.com/,21/8/16,
Incommunities Group,UK,Real estate,http://www.incommunities.co.uk/wp-content/uploads/2016/04/Modern-Slavery-and-Human-Trafficking-Statement.pdf,21/8/16,
Industria Personnel Services,UK,Services,http://www.industria-jobs.co.uk/cm/industria-in-time,23/8/16,
Infosys,India,Technology,https://www.infosys.com/investors/corporate-governance/Documents/statement-under-modern-slavery-act.pdf,21/8/16,
Ingram Micro,UK,Consumer products/retail,http://www.ingramuk.com/Files/pdfs/IMUK_Modern_Slavery_Act_Statement_Public.pdf,22/8/16,
Insuletics ,UK,Construction & building materials ,http://insuletics.co.uk/wp-content/uploads/2016/02/Insuletics-HR-Policy-Appx-12-Anti-Slavery-Policy-Statement.pdf,22/8/16,
Intel Corp,USA,Technology,http://www.intel.co.uk/content/dam/www/public/us/en/documents/corporate-information/policy-human-trafficking-and-slavery.pdf,22/8/16,
InterGen,USA,Utilities,http://www.intergen.com/slavery-statement,22/8/16,
International Flavours & Fragrances Inc.,USA,Chemical,http://www.iff.com/~/media/Files/I/IFF/policies-documents/msa2015-statement.pdf,22/8/16,
International Greetings UK Ltd,UK,Consumer products/retail,http://www.thedesigngroup.com/wp-content/uploads/2016/06/IGUK-Modern-Slavery-Act-Statement-2015-16.pdf,22/8/16,
IQE,UK,Technology,http://www.iqep.com/uk-slavery-act/,22/8/16,
ITIC Specialist Professional Indemnity Insurance,UK,Finance,http://www.itic-insure.com/modern-slavery-act/,22/8/16,
J O Sims Ltd,UK,Agriculture/food/beverage,http://www.josims.com/downloads/slavery&humantraffickingpolicy.pdf,22/8/16,
J. Coffey Construction,UK,Construction & building materials ,http://jcoffey.co.uk/wp-content/uploads/2016/05/ModernDaySlaveryAct2015PolicyStatement2016.pdf,22/8/16,
Jaguar Land Rover ,UK,Transport,http://www.jaguarlandrover.com/media/102895/jlr-slavery-human-trafficking-statement.pdf,22/8/16,
James T. Blakeman & Co.,UK,Agriculture/food/beverage,http://www.blakemans.co.uk/Slavery-and-Human-Trafficking-Policy-Statement.pdf,22/8/16,
Jarden Consumer Solutions,USA,Consumer products/retail,http://www.jardencs.com/uk-modern-slavery-act.html,22/8/16,
JCDecaux UK Ltd,UK,Media/publishing ,http://www.jcdecaux.co.uk/modern-slavery-act-2015,25/8/16,
Jewish Care,UK,Services,https://www.jewishcare.org/anti-slavery-human-trafficking-statement,22/8/16,
Jigsaw,UK,Apparel & textile ,https://www.jigsaw-online.com/content/slavery-human-trafficking-statement,22/8/16,
John Lewis Partnership,UK,Consumer products/retail,http://www.johnlewispartnership.co.uk/content/dam/cws/images/tempfolder/csr/TEMP-20082_John%20Lewis_Human%20Rights_2016%20(2).pdf/subassets/TEMP-20082_John%20Lewis_Human%20Rights_2016%20(2).pdf-2.pdf,22/8/16,
John Smith’s,UK,Consumer products/retail,http://www.johnsmith.co.uk/files/images/00000205/jsg_modern_slavery_statement_2016_signed.pdf,22/8/16,
JS Group Limited,UK,Professional services,https://www.jsgroup.co.uk/live/about-us/slavery-statement,9/2/16,
KAEFER Ltd (part of KAEFER Group (Germany)),UK,Construction & building materials ,http://www.kaefercd.co.uk/,22/8/16,
Kainos,UK,Technology,https://investor.kainos.com/wp-content/uploads/2016/05/MODERN-SLAVERY-STATEMENT_2015_16_v2.0.docx-Director-Authorised.pdf,8/25/16,
Kaplan International Colleges,USA,Services,https://www.kic.org.uk/pathways/modern-slavery-statement/,22/8/16,
Kavli UK (includes Primula),UK,Agriculture/food/beverage,http://www.primula.co.uk/slavery_statement.html,22/8/16,
Kelda Group,UK,Utilities,http://www.keldagroup.com/corporate-responsibility/modern-slavery-act-transparency-statement.aspx,22/8/16,
Kellogg Company,USA,Agriculture/food/beverage,https://www.kelloggcompany.com/content/dam/kelloggcompanyus/corporate_responsibility/pdf/2016/Kellogg%20Company%20Policy%20Statement%20Prohibiting%20Involuntary%20LaborMay2016.pdf,22/8/16,
Kemet,USA,Technology,http://www.kemet.com/Lists/FileStore/KEMET_Statement_on_Human_Trafficking_Slavery.pdf,22/8/16,
Keoghs,UK,Professional services,http://keoghs.co.uk/anti-slavery,22/8/16,
Keysight Technologies UK,UK,Technology,http://about.keysight.com/en/companyinfo/environment/Keysight_MSA_2016.pdf,22/8/16,
Kimberly-Clark,USA,Consumer products/retail,http://www.kimberly-clark.com/sustainability1/reporting/policies/UK-CA-TraffickingStatement.aspx,22/8/16,
Kingston Smith,UK,Professional services,http://www.kingstonsmith.co.uk/csr/slavery-and-human-trafficking-statement/,22/8/16,
Kiril Mischeff Group,UK,Agriculture/food/beverage,http://www.kiril-mischeff.com/wp-content/uploads/2016/08/Annual-Slavery-and-Human-Trafficking-Statement-2016.pdf,8/31/16,
Knight Frank LLP,UK,Real estate,http://www.kingstonsmith.co.uk/csr/slavery-and-human-trafficking-statement/,22/8/16,
"Koch Ag & Energy Solutions, LLC",USA,Chemical,http://www.kochagronomicservices.com/downloads/d1359.aspx?type=view,8/30/16,
Konecranes UK plc,UK,Manufacturing ,http://www.konecranes.co.uk/about/corporate-responsibility/corporate-responsibility-focus-areas/lifting-people/anti-slavery-and-human-trafficking-statement,22/8/16,
Konica Minolta Business Solutions (UK) Limited,UK,Technology,https://www.konicaminolta.co.uk/fileadmin/content/uk/Business_Solutions/PDF/Konica-Minolta-UK-Modern-Slavery-Statement.pdf​,8/25/16,
Konica Minolta Business Solutions Denmark a/s,Denmark,Technology,https://www.konicaminolta.dk/fileadmin/content/dk/Business_Solutions/Company/160613_Transparency_Statement.pdf,8/26/16,
Konica Minolta Business Solutions Europe GmbH,Germany,Technology,https://www.konicaminolta.eu/fileadmin/content/eu/Business_Solutions/Company/CSR/UK_Modern_Slavery_Act_California_Supply_Chain_Act_FY2015_16.pdf,8/25/16,
Kuwait Petroleum International Aviation Co. Ltd.,Kuwait,Natural resources,https://www.q8aviation.com/assets/files/m/modernslaverystatement_1192.pdf,22/8/16,
KYOCERA Document Solutions (UK) Limited,UK,Services,https://www.kyoceradocumentsolutions.co.uk/index/about_us/corporate_social_and/csr_assurance.-contextmargin-93200-files-21398-File.cpsdownload.tmp/KDUK%20Compliance%20statement%20300915.pdf,22/8/16,
Lakeland Group ,Ireland,Agriculture/food/beverage,http://www.lakeland.ie/about-us/our-vision,22/8/16,
Laleham Health and Beauty Ltd,UK,Health,http://laleham.com/modern-slavery-statement,8/25/16,
Lancashire Holdings Limited,UK,Finance,http://www.lancashiregroup.com/en/responsibility/policy-statements/slavery-and-human-trafficking-statement.html,22/8/16,
Leonard Cheshire Disability,UK,Services,https://www.leonardcheshire.org/about-us/modern-slavery-statement,22/8/16,
Lewis Silkin,UK,Professional services,http://www.lewissilkin.com/en/Modern-slavery-statement,22/8/16,
LGC Group,UK,Professional services,http://www.lgcgroup.com/LGCGroup/media/PDFs/Terms%20and%20conditions/Anti-Slavery-Statement.pdf,22/8/16,
Lincolnshire Community Health Services,UK,Health,http://www.lincolnshirecommunityhealthservices.nhs.uk/content/modern-slavery-statement,8/31/16,
Link Group,UK,Real estate,http://linkhousing.org.uk/media/303872/scanned-gary-dougal-20160331153417.pdf,22/8/16,
Linklaters,UK,Professional services,http://www.linklaters.com/Responsibility/Pages/Index.aspx?WT.sp=Top,8/25/16,
Liquid Friday,UK,Services,http://liquidfriday.co.uk/modern-slavery-statement,22/8/16,
LMG,UK,Professional services,http://www.lmgiq.com/wp-content/uploads/2016/04/LM441-Slavery-and-Human-Trafficking-Statement.pdf,22/8/16,
Logitech,Switzerland,Consumer products/retail,http://www.logitech.com/assets/48737/transparencyinsupplychainstatement.pdf,22/8/16,
London Metropolitan University,UK,Services,http://www.londonmet.ac.uk/media/london-metropolitan-university/london-met-documents/professional-service-departments/university-secretarys-office/compliance/anti-slavery-policy/Anti-slavery-Policy-(June-2016).pdf,22/8/16,
London Universities Purchasing Consortium (LUPC),UK,Services,http://static.uk-plc.net/library/london-universities-purchasing-consortium/documents/lupc-slavery-and-human-trafficking-statement.pdf,22/8/16,
Long Clawson Dairy,UK,Agriculture/food/beverage,http://www.clawson.co.uk/policies/,22/8/16,
M J Birtwistle & Co,UK,Agriculture/food/beverage,http://birtwistles.com/modern-slavery-and-human-trafficking-statement/,23/8/16,
MacIntyre,UK,Services,http://www.macintyrecharity.org/slavery-and-human-trafficking-policy-statement/,22/8/16,
Magna Housing Group,UK,Real estate,http://www.magna.org.uk/about-magna/slavery-and-human-trafficking-statement/,22/8/16,
"Magnitude Software, Inc.",USA,Technology,http://magnitudesoftware.com/ethical_governance_uk/,25/8/16,
Mallaghan,UK,Manufacturing ,http://mallaghangse.com/wp-content/uploads/2016/07/Mallaghan-Slavery-and-Human-Trafficking-Statement.pdf,22/8/16,
Maplin,UK,Consumer products/retail,https://www.maplin.co.uk/medias/SLAVERY-AND-HUMAN-TRAFFICKING-STATEMENT.pdf?context=bWFzdGVyfHJvb3R8NDE3MjMwfGFwcGxpY2F0aW9uL3BkZnxoNjYvaGMxLzkzNzgzNzU2NjM2NDYucGRmfDY3YzE5NGRhNTg0MWYyMTM2ODJhMjBhMjEwMmFkMzczZDZhZDVlNmEyODI2NDNjOGRkNjc2OTRjZTkyMTllZmI,22/8/16,
Marks & Spencer,UK,Consumer products/retail,https://corporate.marksandspencer.com/documents/plan-a-our-approach/mns-modern-slavery-statement-june2016.pdf,22/8/16,
Marlborough Communications (part of Cohort plc),UK,Technology,https://www.marlboroughcomms.com/media/25629/Modern-Slavery-Statement-July-2016.pdf,22/8/16,
Marshall Construction ,UK,Construction & building materials ,http://www.marshallconstruction.co.uk/wp/wp-content/uploads/2016/08/Modern-Day-Slavery-Act-statement-2016.pdf,22/8/16,
Marshalls plc,UK,Garden/landscaping,http://www.marshalls.co.uk/documents/policies/Marshalls%20Modern%20Slavery%20Policy%20and%20Disclosure%20Statement.pdf,22/8/16,
Martindale Pharma,UK,Health,http://www.martindalepharma.co.uk/about-martindale/modern-slavery-human-trafficking-statement/,22/8/16,
Mayflex Group,UK,Technology,http://www.mayflex.com/about-us/modern-slavery-act-2015/,22/8/16,
McMullen & Sons,UK,Agriculture/food/beverage,http://www.mcmullens.co.uk/files/Slavery-Statement.pdf,22/8/16,
Mead Johnson Nutrition,USA,Consumer products/retail,https://www.meadjohnson.com/company-california-transparency-in-supply-chain-act-and-modern-slavery-act,22/8/16,
Mediclinic Intl.,UK,Health,http://www.mediclinic.com/Docs/Mediclinic%20Modern%20Slavery%20Act%20Statement.pdf,22/8/16,
Medline Industries Inc,USA,Health,http://uk.medline.com/about-us/social-responsibility/uk-modern-slavery-act-2015,23/8/16,
Meme Media,UK,Services,http://mememedia.co.uk/img/Modern-Slavery-Act-2015-policy.pdf,22/8/16,
Mercedes Benz UK Ltd,UK,Transport,http://www.mercedes-benz.co.uk/content/unitedkingdom/mpc/mpc_unitedkingdom_website/en/home_mpc/slavery-act.ngrb.html,22/8/16,
Merseyrail,UK,Transport,http://www.merseyrail.org/about-merseyrail/our-values-behaviours/merseyrail-s-anti-slavery-and-human-trafficking.aspx,22/8/16,
Mewburn Ellis,UK,Professional services,http://mewburn.com/wp-content/uploads/2016/04/Modern-Slavery-Act-2016-.pdf,22/8/16,
Microchip Technology Inc.,USA,Technology,http://ww1.microchip.com/downloads/en/DeviceDoc/Microchip%20Slavery%20and%20Human%20Trafficking%20Statement.pdf,22/8/16,
Mid Cheshire Hospitals NHS Foundation Trust,UK,Health,http://www.mcht.nhs.uk/about-us/reports-and-publications/useful-documents-policies-and-strategies/,22/8/16,
Millennium & Copthorne Hotels plc,UK,Travel,https://www.millenniumhotels.com/en/supply-chain-transparency-statement/,22/8/16,
"Minor, Weir & Willis",UK,Agriculture/food/beverage,http://www.mww.co.uk/Slavery-and-Human-Trafficking-Statement.html,22/8/16,
Misys Global,UK,Technology,https://www.misys.com/media/460956/modern-slavery-act-statement-26_5_16.pdf,22/8/16,
Mitie,UK,Services,http://www.mitie.com/suppliers/supplier-guidance-modern-slavery-act-2015,22/8/16,
Mitsubishi Corporation ,Japan,Transport,http://www.mitsubishicorp.com/jp/en/csr/management/pdf/slavery_and_human_tracking_statement_en.pdf,22/8/16,
Mitsubishi Motors (Colt Car Company Limited),UK,Transport,http://www.mitsubishi-cars.co.uk/modern-slavery-act/?gclid=CPrY4uPSu80CFZEy0wodNOAHmQ,22/8/16,
Mitsubishi Rayon Lucite Group,UK,Chemical,http://www.luciteinternational.com/slavery-act-statement/,22/8/16,
Mizuho Intl. plc,UK,Finance,https://www.onemizuho.eu/governance/anti-slavery-and-trafficking-statements,22/8/16,
Mizuho Securities UK Holdings,UK,Finance,https://www.onemizuho.eu/governance/anti-slavery-and-trafficking-statements,22/8/16,
Mölnlycke Health Care,Sweden,Health,http://www.molnlycke.com/about/csr/preventing-modern-slavery-statement/#close,23/8/16,
Moorepay,UK,Services,https://www.moorepay.co.uk/modern-slavery/,23/8/16,
Morson Intl.,UK,Services,https://morson-website.s3.amazonaws.com/uploads/2016/04/Morson-International-slavery-and-human-trafficking-statement.pdf,23/8/16,
Mothercare Group plc,UK,Consumer products/retail,http://www.mothercareplc.com/~/media/Files/M/Mother-Care/documents/msa-statement-fy16-final-8-July-002.pdf,23/8/16,
Moto Hospitality,UK,Services,http://moto-way.com/content/uploads/2016/05/Modern-Slavery-Statement_1337_001.pdf,23/8/16,
MSC Industrial Supply,USA,Consumer products/retail,http://www.mscdirect.co.uk/ourCapabilities/MSC_modern_slavery_act.pdf,23/8/16,
MTR Corporation (Crossrail),UK,Transport,http://mtrcrossrail.co.uk/wp-content/uploads/2016/05/MTR-Crossrail-Modern-Slavery-Act-2015-Statement.pdf,23/8/16,
MTS Cleansing Services,UK,Services,http://www.mtscleansing.co.uk/mts.uldl/ddd85a831478d6e30b1d88a02022d8dc.pdf,23/8/16,
Murgitrod & Company,UK,Professional services,http://1u1lbo40pnuh3xxynn2pe6hj.wpengine.netdna-cdn.com/wp-content/uploads/2016/04/Modern-Slavery-Policy-Statement-Signed-01-June-2016.pdf ,23/8/16,
NAHL Group,UK,Services,http://nahlgroupplc.co.uk/images/stories/NAHL_Group_plc_Modern_Slavery_Act_Statement_2016.pdf,23/8/16,
National Fostering Agency Group ,UK,Services,http://www.nfa.co.uk/assets/Uploads/2610-Modern-Slavery-Act-Statement-v2.pdf,23/8/16,
National Grid,UK,Utilities,http://www2.nationalgrid.com/UK/Modern-Slavery-Act-Statement/,23/8/16,
NCC Group plc,UK,Technology,https://www.nccgroup.trust/uk/about-us/investor-relations/corporate-governance/anti-slavery-and-human-trafficking-statement/,23/8/16,
NCP  (National Car Parks Limited),UK,Services,https://www.ncp.co.uk/download/1638/,8/25/16,
Neilcott Construction Group,UK,Construction & building materials ,http://www.neilcott.co.uk/policies/slavery-and-human-trafficking-statement/,23/8/16,
Net Temps,UK,Services,http://www.net-temps.co.uk/modern-slavery-policy/,23/8/16,
NetApp,USA,Technology,http://www.netapp.com/us/legal/ca-senate-bill-657.aspx,23/8/16,
Nexen/CNOOC,Canada,Natural resources,http://www.nexencnoocltd.com/en/Governance/SupplierPolicies.aspx,23/8/16,
nGAGE Specialist Recruitment,UK,Services,http://www.ngagerecruitment.com/modern-slavery-and-human-trafficking-statement,23/8/16,
NHS Professionals,UK,Services,http://www.nhsprofessionals.nhs.uk/Download/NHS-Professionals-Modern-Slavery-and-Human-Trafficking-Statement.pdf,23/8/16,
Nicol Hugues Foodservice,UK,Agriculture/food/beverage,http://www.nicolhughes.com/assets/slavery.pdf,23/8/16,
Niftylift Ltd,UK,Manufacturing ,http://www.niftylift.com/uk/about-us/slavery-and-human-trafficking-statement,23/8/16,
Nikon Corporation,Japan,Technology,http://nikon.com/about/sustainability/human-rights/uk-modern-slavery.pdf,9/2/16,
Norbain,UK,Consumer products/retail,http://www.norbain.com/modern-day-slavery-statement/,23/8/16,
Nordson Corporation,USA,Manufacturing ,http://www.nordson.com/en/our-company/suppliers,23/8/16,
Norfolk and Suffolk NHS Foundation Trust,UK,Services,http://www.nsft.nhs.uk/About-us/Pages/Modern-Slavery-Statement.aspx,23/8/16,
Norse Group,UK,Services,http://norsegroup.co.uk/norsegroup/wp-content/uploads/2016/06/MSA-Statement.pdf,23/8/16,
Norsk Gjenvinning Group ,Norway,Utilities,http://www.nggroup.no/compliance/compliance-program/,23/8/16,
Northern Gas Networks,UK,Utilities,http://www.northerngasnetworks.co.uk/wp-content/uploads/2016/05/Modern-Slavery-Act-2016-1.pdf,23/8/16,
Nottingham City Transport,UK,Transport,https://www.nctx.co.uk/about-us/policy-statements/modern-slavery-act-2015/,23/8/16,
Nottingham Community Housing Association,UK,Real estate,https://www.ncha.org.uk/assets/_managed/cms/files/Corporate%20Docs/Corporate%20accountability/Governance/Modern%20slavery%20and%20human%20trafficking%20statement2016.pdf,23/8/16,
NPT Homes,UK,Real estate,https://www.npthomes.co.uk/about-us/corporate-information/anti-slavery-and-human-trafficking/,23/8/16,
NSG Group,Japan,Metals/plastics/basic metals,http://www.nsg.com/en/about-nsg/mission-values-principles/modern-slavery-act,23/8/16,
NTT Data UK,UK,Technology,https://emea.nttdata.com/uk/footer-menu/modern-slavery-act/en/index.html,23/8/16,
NTT Europe,Japan,Technology,http://www.eu.ntt.com/en/Footer/Modern_Slavery_Act_2015.html,23/8/16,
Nutreco,Netherlands,Agriculture/food/beverage,http://www.skretting.com/globalassets/opco-shared/uk-certificates/nutreco-modern-slavery-act-statement-april-16.pdf,23/8/16,
OCS Group (Outsourced Client Solutions),UK,Services,http://www.ocs.co.uk/Documents/OCS_Modern_Slavery_Policy_Statement_2016.pdf,23/8/16,
Office Team,UK,Services,http://www.officeteam.co.uk/modern-slavery-and-human-trafficking-statement/,23/8/16,
Olive Group,Dubai,Professional services,http://www.olivegroup.com/pdf/trafficking_in_people.pdf,23/8/16,
Omega plc,UK,Furnishings ,http://www.omegaplc.co.uk/modern-slavery,23/8/16,
Ongo Homes,UK,Real estate,http://www.ongo.co.uk/media/551538/group-slavery-and-human-trafficking-statement-june-2016-approved.pdf,23/8/16,
Openfield,UK,Agriculture/food/beverage,http://www.openfield.co.uk/wp-content/uploads/2016/02/Website-Policy-Statement-250216.pdf,23/8/16,
Opex Corp,USA,Services,https://www.opex.com/modern-slavery-act-transparency-statement,8/25/16,
Oracle Corporation UK Limited (part of Oracle Corporation),USA,Technology,https://www.oracle.com/assets/modernslaverypolicystatementuk-3115011.pdf,23/8/16,
Ordnance Survey Limited,UK,Services,https://www.ordnancesurvey.co.uk/docs/policies/os-anti-slavery-statement.pdf,23/8/16,
Orona Group,UK,Services,http://www.orona.co.uk/pdf/en/Orona-Ltd-MSA-statement2016.pdf,23/8/16,
Outsauce,UK,Services,http://www.outsauce.net/about/modern-slavery/,23/8/16,
Overseas Development Institute,UK,Professional services,https://www.odi.org/modern-slavery-statement,8/25/16,
Owen Payne,UK,Services,http://www.owenpayne.co.uk/about-us-owen-payne-recruitment-services/modern-slavery-statement-published-august-2016/,22/8/16,
Oxford Instruments plc,UK,Technology,http://www.andor.com/modernslavery.aspx,9/2/16,
P&O Ferries,UK,Transport,http://www.poferries.com/en/modern-slavery-act-statement,23/8/16,
Paypoint Group,UK,Finance,https://www.paypoint.com/documents/modern-slavery-act-transparency-statement.pdf,22/8/16,
PayStream My Max Ltd,UK,Professional services,http://www.paystream.co.uk/filedepository/documents/modern%20slavery%20statement.pdf,23/8/16,
PCMS Group ,UK,Technology,http://www.pcmsgroup.com/transparency-statement/,23/8/16,
PD&MS Group,UK,Professional services,http://www.pdms-group.com/about/modern-slavery-act-transparency-statement,23/8/16,
Pendragon PLC,UK,Transport,http://www.pendragonplc.com/main_content/pdf/corporate_responsibility/629500/anti_slavery_and_human_trafficking_policy_2015_2016,23/8/16,
Pennon Group,UK,Utilities,http://www.pennon-group.co.uk/sites/default/files/attachments/web-based-anti-slavery-statement.pdf,23/8/16,
Pension Protection Fund,UK,Finance,http://www.pensionprotectionfund.org.uk/About-Us/Pages/ppfandtheslaveryact.aspx,23/8/16,
Pets at Home Group plc,UK,Services,http://investors.petsathome.com/our-company/responsible-retailing/human-rights-and-modern-slavery-statement,8/25/16,
PhotoBox Group,UK,Technology,http://group.photobox.com/photobox-group-statement-human-trafficking-slavery/,22/8/16,
Pioneer Group,Belgium,Consumer products/retail,http://www.pioneer-car.eu/uk/modern-slavery-act,23/8/16,
Plymouth Community Homes,UK,Real estate,http://84275d55386e3f8a08d5-46bc7cd8617879157c8eca7eb8356fba.r50.cf3.rackcdn.com/wp-content/uploads/2013/11/Modern-Day-Slavery-Act-Statement.pdf,23/8/16,
Poupart Produce,UK,Agriculture/food/beverage,http://poupartproduce.com/csr/,23/8/16,
Premex Group,UK,Services,https://www.3drehab.co.uk/media/267720/premex-group-human-trafficking-statement.pdf,23/8/16,
Princes Group (owned by Mitsubishi Corporation),UK,Agriculture/food/beverage,http://www.princesgroup.com/downloads/Princes-slavery_and_human_trafficking_statement_July_2016.pdf,23/8/16,
Probrand Group,UK,Technology,http://www.probrand.co.uk/about/policies/Modern-Slavery-Statement.aspx,8/25/16,
Produce Investments Ltd,UK,Agriculture/food/beverage,http://produceinvestments.co.uk/wp-content/uploads/2016/05/Product-Investments-Modern-Slavery-Statement-2015-16.pdf,23/8/16,
Pro-Force ,UK,Services,http://pro-force.co.uk/modern-slavery-statement/,23/8/16,
Progress Housing Group,UK,Real estate,https://www.progressgroup.org.uk/about-us/corporate-responsibility/modern-slavery-and-human-trafficking-act-201516/,22/8/16,
prosource.it,UK,Professional services,http://www.prosource.it/making-the-difference/slavery-statement,23/8/16,
Prospects ,UK,Services,http://prospects.co.uk/SlaveryandHumanTraffickingstatement.aspx,23/8/16,
Provident Financial plc,UK,Finance,http://providentfinancial.blob.core.windows.net/media/1602/modern-slavery-act-statement-05042016.pdf,23/8/16,
PTSG,UK,Services,http://www.ptsg.co.uk/wp-content/uploads/2015/01/Modern-Slavery.pdf,23/8/16,
QinetiQ Group plc,UK,Professional services,https://qinetiq.com/Documents/Modern-Slavery-Act.pdf,23/8/16,
Quorn Foods,UK,Agriculture/food/beverage,http://www.quorn.co.uk/faqs/about-quorn/quorn-foods-modern-slavery-statement/,8/26/16,
Ramsay Health Care,UK,Health,http://www.ramsayhealth.com/~/media/documents/rhc/performance%20report/MODERN%20SLAVERY%20ACT%202015.pdf,8/26/16,
Raymond Brown Construction,UK,Construction & building materials ,http://www.raymondbrownconstruction.co.uk/wp-content/uploads/2016/03/Slavery-and-Human-Trafficking-Statement.pdf,23/8/16,
RCMA Group Pte Ltd,Singapore,Chemical,http://www.rcma.com/wp-content/uploads/2016/04/RCMA-Group-Slavery-and-Trafficking-Statement.pdf,8/26/16,
Red Group (Red Topco Ltd parent),UK,Professional services,http://www.redcommerce.com/slavery-and-human-trafficking-statement#.V7LXJJNrh0I,22/8/16,
Reflex Group,UK,Services,http://reflexlabels.co.uk/wp-content/uploads/2016/04/Reflex%20Modern%20Slavery%20Statement%2016-17.pdf,23/8/16,
Renold plc,UK,Manufacturing ,http://www.renold.com/media/1269225/modern-slavery-act-2015-statement-final-090816.pdf,24/8/16,
Resource Group,UK,Professional services,https://www.resourcegroup.co.uk/media/2402/modern-slavery-statement-signed.pdf,23/8/16,
Resource Solutions Group (RSG),UK,Services,http://www.rsg-plc.com/Modern-Slavery-Act-Transparency-Statement-v1.1.pdf,23/8/16,
RFS Group Ltd,UK,Professional services,http://www.rfs.co.uk/anti-slavery/,23/8/16,
Ribbon Acquisition Ltd,UK,Travel,http://www.hilondonbloomsburyhotel.co.uk/media/1940864/ribbon_acquisition_ltd_msa_s.pdf ,23/8/16,
Richer Sounds,UK,Consumer products/retail,http://www.richersounds.com/static/SlaveryandHumanTraffickingStatementasat300416.pdf,23/8/16,
Ridgeons,UK,Construction & building materials ,http://www.ridgeons.co.uk/wp-content/uploads/2016/04/Slavery-Supplier-Code-of-Conduct-April-2016.pdf,23/8/16,
RM plc,UK,Technology,http://rmresults.co.uk/wp-content/themes/rm-results-aug/assets/Anti_Slavery_Policy.pdf,23/8/16,
Rochdale Boroughwide Housing (RBH),UK,Real estate,http://www.rbh.org.uk/rbh-publications,22/8/16,
Ruillon,UK,Services,http://www.rullion.co.uk/tools/employers-tools/modern-slavery-act/,23/8/16,
Russells Construction,UK,Construction & building materials,http://russells-construction.co.uk/perch/resources/about/slavery-human-trafficking-statement.pdf,8/25/16,
Ryness Electrical Supplies,UK,Consumer products/retail,https://www.ryness.co.uk/modern-day-slavery-and-human-trafficking-policy-statement,23/8/16,
S & L Personnel Ltd,UK,Services,http://slpersonnel.co.uk/pdf/Slavery_Human_Trafficking_Statement_Policy_V1.0_June_2016.pdf,24/8/16,
Sabic,Netherlands,Chemical,https://www.sabic.com/europe/en/anti-slavery-and-trafficking-statement,23/8/16,
SABMiller plc,UK,Agriculture/food/beverage,http://www.sabmiller.com/docs/default-source/sustainability-documents/sabmiller-slavery-and-human-trafficking-statement.pdf?sfvrsn=2,23/8/16,
Saint-Gobain Group ,France,Construction & building materials ,http://www.saint-gobain.co.uk/media/18062/modern-slavery-act-statement-2016.pdf,23/8/16,
Samtec Inc.,USA,Manufacturing ,http://suddendocs.samtec.com/qualitytools/uk-modernslaveryact2015.pdf,23/8/16,
Sanctuary Group,UK,Real estate,https://www.sanctuary-group.co.uk/,23/8/16,
Sandown Group,UK,Transport,http://www.sandown-group.co.uk/modern-slavery-act.aspx,23/8/16,
SCA Hygiene Products UK Ltd,UK,Consumer products/retail,http://www.sca.com/Global/AR_HumanTrafficking_Scan.pdf,23/8/16,
SCC (Specialist Computer Centres),UK,Technology,http://www.scc.com/modern-slavery-statement/,23/8/16,
SCISYS plc,UK,Technology,http://www.scisys.co.uk/who-we-are/corporate-governance/scisys-plc-anti-slavery-statement.html,23/8/16,
Scope,UK,Services,https://www.scope.org.uk/Scope/media/Documents/Homepage/Scope-Modern-Slavery-Statement-August-2016.pdf,22/8/16,
Scott Trust,UK,Media/publishing ,https://uploads.guim.co.uk/2016/07/25/Statement-ModernSlaveryAct.pdf,23/8/16,
Scottish Leather Group Limited,UK,Apparel & textile ,http://www.scottishleathergroup.com/ScottishLeatherGroup/Governance.aspx,23/8/16,
Scottish Sea Farms,UK,Agriculture/food/beverage,http://www.scottishseafarms.com/about/principles-and-approach/,23/8/16,
Scottish Water,UK,Utilities,http://www.scottishwater.co.uk/assets/about%20us/files/key%20publications/modernslaverystatementfinal.pdf,23/8/16,
Scottish Woodlands,UK,Professional services,http://www.scottishwoodlands.co.uk/assets/pdf/Modern_Slavery_Act_2015.pdf,23/8/16,
Seasalt,UK,Consumer products/retail,https://d2bvpivebkb899.cloudfront.net/seasalt/static_pages/our_standards/9fe008a1.SlaveryStatement_Sept2015.pdf/SlaveryStatement_Sept2015.pdf,23/8/16,
Seko Global Logistics Network LLC,USA,Professional services,http://www.sekologistics.com/media/258774/seko-anti-slavery-human-trafficking-statement_1-oct-2015_v1-101915-7.pdf,24/8/16,
Sembcorp Utilities (UK) Limited,UK,Utilities,http://www.sembcorp.co.uk/documents/AntiSlaveryandHumanTraffickingPolicyStatement240815.pdf,23/8/16,
Sheffield Teaching Hospitals NHS Foundation Trust ,UK,Health,http://www.sth.nhs.uk/about-us/modern-slavery-act-statement,24/8/16,
Shepherd Neame Limited,UK,Agriculture/food/beverage,http://www.shepherdneame.co.uk/slavery-statement,23/8/16,
Shepherds Bush Housing Group,UK,Real estate,https://www.sbhg.co.uk/policies,24/8/16,
Shiva Hotels,UK,Travel,http://shiva.co.uk/modernslavery,25/8/16,
Shoosmiths,UK,Professional services,http://www.shoosmiths.co.uk/slavery-and-human-trafficking-statement-11579.aspx,22/8/16,
Simons Group,UK,Construction & building materials ,http://www.simonsgroup.com/h/about-us/modern-slavery/225/,24/8/16,
Single Resource ,UK,Services,https://www.singleresource.co.uk/about/modern-slavery-statement/,24/8/16,
Smiths Group plc,UK,Technology,http://www.flextekgroup.com/pdf/Modern%20Slavery%20Act%20Statement%20(July%202016).pdf,8/31/16,
Sompo Japan Nipponkoa Insurance Company of Europe Limited,UK,Finance,http://www.sjnk.eu/modern-slavery-act/,24/8/16,
Sonardine International Limited,UK,Manufacturing ,http://sonardyne.com/images/modern-slavery-statement.pdf,24/8/16,
Southern Universities Purchasing Consortium ,UK,Services,http://supc.ac.uk/images/documents/SUPCStatementonModernSlavery.pdf,24/8/16,
Sovini Group,UK,Professional services,http://sovini.co.uk/about-us/our-responsibility/sovini-modern-slavery-act-2015-and-human-trafficking-compliance-statement/,24/8/16,
Spectris plc,UK,Technology,http://www.spectris.com/~/media/Files/S/Spectris/Spectris-Anti-Slavery-Statement-Dec15.pdf,24/8/16,
Spirax-Sarco Engineering plc,UK,Professional services,http://www.spiraxsarcoengineering.com/Sustainability/Documents/Modern%20Slavery%20Act%20Statement%202015.pdf,24/8/16,
Square One Resources Limited ,UK,Services,http://www.squareoneresources.com/slavery-and-human-trafficking-statement/,24/8/16,
SR Group,UK,Professional services,http://www.thesrgroup.com/SiteImages/Assets/1/9/ModernSlaveryHumanTraffickingStatement-Dec2015v23.pdf,24/8/16,
SSE plc.,UK,Utilities,http://sse.com/media/400902/statement-on-modern-slavery-v1.pdf,24/8/16,
SSP Limited,UK,Technology,http://www.ssp-worldwide.com/modern-slavery-act-statement/,24/8/16,
St Helens and Knowsley Teaching Hospitals NHS Trust,UK,Health,http://www.sthk.nhs.uk/about/trust-pledges/modern-slavery-act,24/8/16,
St Jude Medical,USA,Health,https://www.sjm.com/en/policies/transparency-in-supply-chains-act-statement?alert=DeepLinkSoftAlert&clset=af584191-45c9-4201-8740-5409f4cf8bdd%3ab20716c1-c2a6-4e4c-844b-d0dd6899eb3a,24/8/16,
Staffing Group,UK,Services,http://www.epprofessional.co.uk/modern-slavery-statement/,24/8/16,
Stanton Bonna Concrete Limited,UK,Construction & building materials ,http://www.stanton-bonna.co.uk/wp-content/uploads/2016/08/Slavery-and-human-trafficking-statement.pdf,22/8/16,
State Bank of India,India,Finance,http://www.sbiuk.com/footer/about-sbi/about-us,24/8/16,
Static Systems Group Plc,UK,Technology,http://www.staticsystems.co.uk/Modern-Day-Slavery-&-Human-Trafficking-Policy.html,22/8/16,
Steelcase,USA,Furnishings ,https://www.steelcase.com/steelcase-inc-anti-slavery-human-trafficking-statement/,24/8/16,
Steer Davies Gleave,UK,Professional services,http://www.steerdaviesgleave.com/sites/default/files/elfinder/Policies/Steer-Davies-Gleave-Modern-Slavery-Act-Policy-Statement.pdf,24/8/16,
Stepnell Holdings Ltd,UK,Construction & building materials ,http://www.stepnell.co.uk/media/documents/slavery_and_human_trafficking_policy_statement.pdf,24/8/16,
STIHL Inc ,USA,Consumer products/retail,https://www.stihlusa.com/information/corporate/legal/statement-slavery-human-trafficking/,24/8/16,
Stone Computers Ltd,UK,Professional services,https://www.stonegroup.co.uk/app/uploads/2016/08/Modern-Slavery-Policy-Statement.pdf,8/26/16,
Stonewater Limited,UK,Real estate,https://www.stonewater.org/modern-slavery-and-human-trafficking-statement/,8/30/16,
Stork Technical Services (RBG) Limited,Netherlands,Professional services,https://www.stork.com/uploads/pdf/Anti-Slavery_and_Human_Trafficking_Website_Statement.pdf,24/8/16,
Suma Wholefoods,UK,Consumer products/retail,http://www.suma.coop/about/anti-slavery-statement/,24/8/16,
Swagelok ,USA,Manufacturing ,http://www.swagelok.com/en/About/Our-Business/Supply-Chain/Antislavery%20and%20Human%20Trafficking%20Statement,24/8/16,
Swan Housing Association Group,UK,Real estate,http://www.swan.org.uk/media/167626/final_board_approved_swan_housing_association_group_modern_slavery_statement_dated_7_july_2016.pdf,24/8/16,
Sweett Group,UK,Professional services,http://www.sweettgroup.com/wp-content/uploads/2016/07/Modern-Slavery-Statement.pdf,8/26/16,
Swissport GB Ltd,UK,Transport,http://www.swissport.com/fileadmin/downloads/Modern-Slavery-Statement-Swissport-GB-Ltd-July16.pdf,24/8/16,
T&K Gallagher Ltd,UK,Utilities,http://www.gallagherltd.co.uk/media/1272/po008-modern-slavery-statement-16-17-issue-03.pdf-__Modern_Slavery_Statement_16-17_-_Issue_03.pdf,24/8/16,
Tata Steel Europe Group,UK,Metals/plastics/basic metals,http://www.tatasteeleurope.com/static_files/Downloads/Corporate/supply%20chain%20transparency/supply%20chain%20transparency.pdf,22/8/16,
Tate & Lyle plc.,UK,Agriculture/food/beverage,http://www.tateandlyle.com/Responsibility/Documents/Modern%20Slavery%20Act%20Statement%20FY16.pdf,24/8/16,
Telecom Plus Plc,UK,Technology,https://www.utilitywarehouse.co.uk/legal/modernSlaveryStatement,24/8/16,
Templine Employment Agency Ltd,UK,Services,http://www.templinerecruitment.co.uk/assets/images/pdfs/Slavery_and_human_trafficking_statement.pdf,24/8/16,
Tetenal Ltd,UK,Consumer products/retail,https://www.tetenaluk.com/media/wysiwyg/pdfs/tetenals-modern-slavery-policy-document.pdf,24/8/16,
Thai Union Group plc,Thailand,Agriculture/food/beverage,http://tu.listedcompany.com/newsroom/20160615-tu-modern-slavery-en.pdf,24/8/16,
Thames Water,UK,Utilities,https://www.thameswater.co.uk/tw/common/downloads/literature-company-information/Modern_Slavery_Statement_(Signed).pdf,8/25/16,
The Guinness Partnership,UK,Real estate,http://www.guinnesspartnership.com/slavery-human-trafficking-statement-2016-17/,19/8/16,
Thomas Armstrong (Holdings) Ltd,UK,Construction & building materials ,http://www.thomasarmstrong.co.uk/downloads/Thomas%20Armstrong%20Holdings%20Ltd%20-%20Modern%20Slavery%20Statement%20-%20July%202016.pdf,24/8/16,
Tibbetts Group Ltd,UK,Construction & building materials ,http://www.tibbettsgroup.co.uk/bfc/wp-content/uploads/2015/08/PS07-The-Modern-Slavery-act-2015.pdf,24/8/16,
Tideway (Bazelgette Tunnel Limited),UK,Construction & building materials ,https://www.tideway.london/media/2389/modern-slavery-statement-tideway-170516.pdf,22/8/16,
Tiffany & Co.,USA,Consumer products/retail,http://www.tiffany.co.uk/sustainability,24/8/16,
TLT Solicitors,UK,Professional services,http://www.tltsolicitors.com/slavery-statement/,24/8/16,
Together Housing Association (Green Vale is trading name),UK,Real estate,https://www.greenvalehomes.co.uk/media/1508858/modern-slavery-human-trafficking-statement-july-16.pdf,25/8/16,
Toro,USA,Consumer products/retail,https://www.toro.com/en-GB/about/corporate-responsibility/product-safety-sustainability/slavery-and-human-trafficking,24/8/16,
Total Food Service ,UK,Services,http://www.totalfoodservice.co.uk/data/ckeditor/Pdfs/Slavery_and_Human_Trafficking_FY2016-2017.pdf,18/8/16,
Toyota Tsusho Metals Ltd (part of Toyota Tsusho Metals Corporation (Japan)),UK,Metals/plastics/basic metals,http://media.wix.com/ugd/9e3b15_8f3babaf7efb4628b48a6e92e648165e.pdf,24/8/16,
TR Fastenings Ltd (part of Trifast Plc),UK,Manufacturing,https://trfastenings.blob.core.windows.net/sitecontent/d1b811191c6244b6b0140774db5bf3bb.pdf,8/25/16,
TRAC Intl. & Subsidiaries,UK,Professional services,http://www.tracinternational.com/documents/TRACPOLC11.pdf,24/8/16,
Transline Group,UK,Services,http://www.transline.co.uk/who-we-are/mds-statement/,24/8/16,
Trifast plc,UK,Manufacturing ,http://www.trifast.com/governance/modern-slavery-policy-statement-2016,24/8/16,
Trios ,UK,Services,http://www.triosgroup.co.uk/_downloads/Trios_Slavery_and_Human_Trafficking_Statement.pdf,24/8/16,
Tutco Heating Solutions Group (part of Smiths Group plc),UK,Professional services,http://www.tutco.com/about/modern-slavery-human-trafficking-statement/,22/8/16,
UCL,UK,Services,https://www.ucl.ac.uk/finance/policies-procedures/slavery-stmt,22/8/16,
UK Asset Resolution Group (UKAR) (Bradford & Bingley plc and NRAM Ltd),UK,Finance,http://www.ukar.co.uk/~/media/Files/U/Ukar-V2/attachments/documents/modern-slavery-act.pdf,22/8/16,
UK Power Networks,UK,Utilities,https://www.ukpowernetworks.co.uk/internet/asset/c89b0486-6272-41ff-8edc-0054e8efbe3e/Slavery%20and%20Human%20Trafficking%20Statement.pdf,8/26/16,
United Utilities,UK,Utilities,http://corporate.unitedutilities.com/slavery-human-trafficking.aspx,8/25/16,
UnitedHealthcare Global,UK,Health,http://www.uhcglobal.com/global-medical/uk-modern-slavery-act-statement/,22/8/16,
UNIVEG UK,UK,Agriculture/food/beverage,http://www.univeguk.co.uk/wp-content/uploads/2016/03/Modern-Slavery-Document.pdf,24/8/16,
University of Strathclyde Glasgow,UK,Services,http://www.strath.ac.uk/procurement/procurementguidance/procurementmanual/,25/8/16,
University of the Highlands and Islands,UK,Services,https://www.uhi.ac.uk/en/about-uhi/statement-on-compliance-with-modern-slavery-act-2015,24/8/16,
Van Elle,UK,Professional services,http://www.van-elle.co.uk/company/policies/Modern%20Slavery%20Statement.pdf,8/26/16,
"Vascutek (part of Terumo
Corporation)",Japan,Health,http://www.vascutek.com/slavery/Modern_Slavery_Act.pdf,24/8/16,
Vesuvius plc,UK,Professional services,http://www.vesuvius.com/de/statement-on-modern-slavery/,22/8/16,
VGC Group,UK,Services,https://vgcgroup.co.uk/careers/supporting-entrants/fair-employment/,24/8/16,
Vinci Construction UK Ltd,UK,Construction & building materials ,http://www.vinciconstruction.co.uk/downloads/modern-slavery-and-human-trafficking.pdf,24/8/16,
Vital Recruitment Limited,UK,Services,http://vitalrecruitment.com/Modern-Slavery-Statement.pdf,8/31/16,
Vocare,UK,Health,http://www.bduc.nhs.uk/about/slavery-human-trafficking/,24/8/16,
Vodafone,UK,Technology,http://www.vodafone.com/content/dam/vodafone-images/sustainability/downloads/slaverystatement2016.pdf,24/8/16,
voestalpine Metsec,UK,Construction & building materials ,http://www.metsec.com/downloads/policies/metsec-anti-slavery-and-human-trafficking-policy.pdf,24/8/16,
Volution Group plc,UK,Ventilation suppliers,http://www.volutiongroupplc.com/about-us/corporate-social-responsibility/modern-slavery-statement,22/8/16,
Voyage Care,UK,Services,http://www.voyagecare.com/about-us/modern-slavery-statement,24/8/16,
Vp plc,UK,Professional services,http://www.vpplc.com/investors/corporate-governance/anti-slavery-policy,24/8/16,
Walsall College,UK,Services,https://www.walsallcollege.ac.uk/corporate/show/partners-and-working-with-walsall-college,24/8/16,
Walsall Housing Group Limited,UK,Real estate,https://www.whg.uk.com/latestnews,24/8/16,
Wates Group,UK,Construction & building materials ,http://www.wates.co.uk/sites/all/modules/filemanager/files/SLAVERY_AND_HUMAN_TRAFFICKING_STATEMENT_.pdf,24/8/16,
WD Meats,UK,Agriculture/food/beverage,http://wd-meats.co.uk/site/wp-content/themes/wdtheme/images/slavery-and-trafficking.pdf,24/8/16,
Weightmans LLP,UK,Professional services,http://www.weightmans.com/media/3690512/modern-slavery-statement.pdf,24/8/16,
Wessex Water Services,UK,Utilities,https://www.wessexwater.co.uk/Modern-Slavery-Act/,24/8/16,
Western Power Distribution,UK,Utilities ,https://www.westernpowerinnovation.co.uk/Modern-Slavery-Act.aspx,22/8/16,
WFW Global LLP,UK,Professional services,http://www.wfw.com/slavery-and-human-trafficking/,24/8/16,
Wincanton,UK,Services,http://www.wincanton.co.uk/modern-slavery-act/,24/8/16,
Winterbotham Darby & Co Ltd,UK,Agriculture/food/beverage,http://www.winterbothamdarby.com/modern-day-slavery/,22/8/16,
Winvic Construction Limited,UK,Construction & building materials ,http://www.winvic.co.uk/employment/slavery-and-human-trafficking/,22/8/16,
Wipro Limited,India,Technology,http://www.wipro.com/documents/investors/pdf-files/Modern-Slavery-Statement-August-2016.pdf,22/8/16,
Withy King,UK,Professional services,https://www.withyking.co.uk/modern-slavery-act-transparency-statement/,24/8/16,
WM Housing Group,UK,Real estate,http://www.wmhousing.co.uk/upload/public/Documents/Corporate/Modern-Slavery-Act-Slavery-and-Human-Trafficking-Statement.pdf,24/8/16,
Wolseley UK Limited,UK,Construction & building materials ,http://www.wolseley.co.uk/how-we-work/modern-slavery-act.aspx,24/8/16,
Xodus Group,UK,Professional services,http://www.xodusgroup.com/about/modern-anti-slavery-statement,24/8/16,
Xoserve,UK,Professional services,http://www.xoserve.com/wp-content/uploads/Modern-Slavery-Act-Approved-Slavery-and-Human-Trafficking-Statement-April-2016-1.pdf,24/8/16,
YESSS Electrical,UK,Consumer products/retail,https://www.yesss.co.uk/downloads/1464969348scan1196.pdf,24/8/16,
YHA ,UK,Travel,http://www.yha.org.uk/modern-slavery-and-human-trafficking,24/8/16,
York Teaching Hospital NHS Foundation Trust,UK,Health,https://www.yorkhospitals.nhs.uk/about_us/reports_and_publications/declarations/,24/8/16,
Yorkshire Water (part of Kelda Group),UK,Utilities,https://www.yorkshirewater.com/about-us/what-we-do/modern-slavery-act,24/8/16,
PPF Group Ltd,UK,Services,http://www.ppfgroup.co.uk/files/downloads/Modern%20Slavery%20Statement.pdf,9/2/16,
,,,,,